Région,Préfecture,Commune
الداخلة- وادي الذهب,أوسرد,أوسرد
الداخلة- وادي الذهب,أوسرد,اغوينيت
الداخلة- وادي الذهب,أوسرد,الزوك
الداخلة- وادي الذهب,أوسرد,الكويرة
الداخلة- وادي الذهب,أوسرد,بئر كندوز
الداخلة- وادي الذهب,أوسرد,تشلا
الداخلة- وادي الذهب,وادي الذهب,اكليبات الفولة
الداخلة- وادي الذهب,وادي الذهب,الداخلة
الداخلة- وادي الذهب,وادي الذهب,العركوب
الداخلة- وادي الذهب,وادي الذهب,ام ادريكة
الداخلة- وادي الذهب,وادي الذهب,امليلي
الداخلة- وادي الذهب,وادي الذهب,بئر انزران
الداخلة- وادي الذهب,وادي الذهب,ميجيك
الدار البيضاء-سطات,الدار البيضاء,الدار البيضاء
الدار البيضاء-سطات,الدار البيضاء,المشور
الدار البيضاء-سطات,الجديدة,ازمور
الدار البيضاء-سطات,الجديدة,البير الجديد
الدار البيضاء-سطات,الجديدة,الجديدة
الدار البيضاء-سطات,الجديدة,الحوزية
الدار البيضاء-سطات,الجديدة,المهارزة الساحل
الدار البيضاء-سطات,الجديدة,امحمد اخديم
الدار البيضاء-سطات,الجديدة,اولاد حسين
الدار البيضاء-سطات,الجديدة,اولاد حمدان
الدار البيضاء-سطات,الجديدة,اولاد رحمون
الدار البيضاء-سطات,الجديدة,اولاد سيدي علي بن يوسف
الدار البيضاء-سطات,الجديدة,اولاد عيسى
الدار البيضاء-سطات,الجديدة,اولاد غانم
الدار البيضاء-سطات,الجديدة,اولاد فرج
الدار البيضاء-سطات,الجديدة,بولعوان
الدار البيضاء-سطات,الجديدة,زاوية سايس
الدار البيضاء-سطات,الجديدة,زاوية لقواسم
الدار البيضاء-سطات,الجديدة,سبت سايس
الدار البيضاء-سطات,الجديدة,سي حساين بن عبد الرحمان
الدار البيضاء-سطات,الجديدة,سيدي سماعيل
الدار البيضاء-سطات,الجديدة,سيدي عابد
الدار البيضاء-سطات,الجديدة,سيدي علي بن حمدوش
الدار البيضاء-سطات,الجديدة,شتوكة
الدار البيضاء-سطات,الجديدة,شعيبات
الدار البيضاء-سطات,الجديدة,لغدير
الدار البيضاء-سطات,الجديدة,متوح
الدار البيضاء-سطات,الجديدة,مكرس
الدار البيضاء-سطات,الجديدة,مولاي عبد الله
الدار البيضاء-سطات,المحمدية,الشلالات
الدار البيضاء-سطات,المحمدية,المحمدية
الدار البيضاء-سطات,المحمدية,بني يخلف
الدار البيضاء-سطات,المحمدية,سيدي موسى المجدوب
الدار البيضاء-سطات,المحمدية,سيدي موسى بن علي
الدار البيضاء-سطات,المحمدية,عين حرودة
الدار البيضاء-سطات,النواصر,النواصر
الدار البيضاء-سطات,النواصر,بوسكورة
الدار البيضاء-سطات,النواصر,دار بوعزة
الدار البيضاء-سطات,النواصر,قروية اولاد صالح
الدار البيضاء-سطات,النواصر,قروية اولاد عزوز
الدار البيضاء-سطات,برشيد,ابن معاشو
الدار البيضاء-سطات,برشيد,الدروة
الدار البيضاء-سطات,برشيد,الساحل اولاد احريز
الدار البيضاء-سطات,برشيد,الفقراء اولاد عمرو
الدار البيضاء-سطات,برشيد,الكارة
الدار البيضاء-سطات,برشيد,اولاد زيان
الدار البيضاء-سطات,برشيد,اولاد زيدان
الدار البيضاء-سطات,برشيد,اولاد صباح
الدار البيضاء-سطات,برشيد,اولاد عبو
الدار البيضاء-سطات,برشيد,برشيد
الدار البيضاء-سطات,برشيد,جاقمة
الدار البيضاء-سطات,برشيد,حد السوالم
الدار البيضاء-سطات,برشيد,رياح
الدار البيضاء-سطات,برشيد,زاوية سيدي بنحمدون
الدار البيضاء-سطات,برشيد,سوالم الطريفية
الدار البيضاء-سطات,برشيد,سيدي المكي
الدار البيضاء-سطات,برشيد,سيدي رحال الشاطئ
الدار البيضاء-سطات,برشيد,سيدي عبد الخالق
الدار البيضاء-سطات,برشيد,قصبة بن مشيش
الدار البيضاء-سطات,برشيد,لحساسنة
الدار البيضاء-سطات,برشيد,لغنيميين
الدار البيضاء-سطات,برشيد,لمباركيين
الدار البيضاء-سطات,بن سليمان,احلاف
الدار البيضاء-سطات,بن سليمان,الردادنة اولاد مالك
الدار البيضاء-سطات,بن سليمان,المنصورية
الدار البيضاء-سطات,بن سليمان,اولاد علي الطوالع
الدار البيضاء-سطات,بن سليمان,اولاد يحيى الوطا
الدار البيضاء-سطات,بن سليمان,بئر النصر
الدار البيضاء-سطات,بن سليمان,بن سليمان
الدار البيضاء-سطات,بن سليمان,بوزنيقة
الدار البيضاء-سطات,بن سليمان,جماعة الزيايدة
الدار البيضاء-سطات,بن سليمان,سيدي بطاش
الدار البيضاء-سطات,بن سليمان,شراط
الدار البيضاء-سطات,بن سليمان,عين تيزغة
الدار البيضاء-سطات,بن سليمان,فضالات
الدار البيضاء-سطات,بن سليمان,مليلة
الدار البيضاء-سطات,بن سليمان,موالين الواد
الدار البيضاء-سطات,سطات,اخميسات الشاوية
الدار البيضاء-سطات,سطات,البروج
الدار البيضاء-سطات,سطات,الثوالت
الدار البيضاء-سطات,سطات,السكامنة
الدار البيضاء-سطات,سطات,امريزيك
الدار البيضاء-سطات,سطات,امزامزة الجنوبية
الدار البيضاء-سطات,سطات,امزورة
الدار البيضاء-سطات,سطات,انخيلة
الدار البيضاء-سطات,سطات,اولاد افريحة
الدار البيضاء-سطات,سطات,اولاد الصغير
الدار البيضاء-سطات,سطات,اولاد امحمد
الدار البيضاء-سطات,سطات,اولاد بوعلي النواجة
الدار البيضاء-سطات,سطات,اولاد سعيد
الدار البيضاء-سطات,سطات,اولاد شبانة
الدار البيضاء-سطات,سطات,اولاد عامر
الدار البيضاء-سطات,سطات,اولاد فارس
الدار البيضاء-سطات,سطات,اولاد فارس الحلة
الدار البيضاء-سطات,سطات,اولاد مراح
الدار البيضاء-سطات,سطات,بن احمد
الدار البيضاء-سطات,سطات,بني خلوك
الدار البيضاء-سطات,سطات,بني ياكرين
الدار البيضاء-سطات,سطات,بوكركوح
الدار البيضاء-سطات,سطات,دار الشافعي
الدار البيضاء-سطات,سطات,راس العين الشاوية
الدار البيضاء-سطات,سطات,ريما
الدار البيضاء-سطات,سطات,سطات
الدار البيضاء-سطات,سطات,سيدي احمد الخدير
الدار البيضاء-سطات,سطات,سيدي الذهبي
الدار البيضاء-سطات,سطات,سيدي العايدي
الدار البيضاء-سطات,سطات,سيدي بومهدي
الدار البيضاء-سطات,سطات,سيدي حجاج
الدار البيضاء-سطات,سطات,سيدي عبد الكريم
الدار البيضاء-سطات,سطات,سيدي محمد بن رحال
الدار البيضاء-سطات,سطات,عين الضربان-لحلاف
الدار البيضاء-سطات,سطات,عين بلال
الدار البيضاء-سطات,سطات,كدانة
الدار البيضاء-سطات,سطات,كيسر
الدار البيضاء-سطات,سطات,لحوازة
الدار البيضاء-سطات,سطات,لخزازرة
الدار البيضاء-سطات,سطات,لقراقرة
الدار البيضاء-سطات,سطات,لولاد
الدار البيضاء-سطات,سطات,مسكورة
الدار البيضاء-سطات,سطات,مشرع بن عبو
الدار البيضاء-سطات,سطات,مكارطو
الدار البيضاء-سطات,سطات,منيع
الدار البيضاء-سطات,سطات,وادي النعناع
الدار البيضاء-سطات,سيدي بنور,الزمامرة
الدار البيضاء-سطات,سيدي بنور,الغربية
الدار البيضاء-سطات,سيدي بنور,الغنادرة
الدار البيضاء-سطات,سيدي بنور,المشرك
الدار البيضاء-سطات,سيدي بنور,الواليدية
الدار البيضاء-سطات,سيدي بنور,امطل
الدار البيضاء-سطات,سيدي بنور,اولاد بوساكن
الدار البيضاء-سطات,سيدي بنور,اولاد سبيطة
الدار البيضاء-سطات,سيدي بنور,اولاد عمران
الدار البيضاء-سطات,سيدي بنور,بني تسيريس
الدار البيضاء-سطات,سيدي بنور,بني هلال
الدار البيضاء-سطات,سيدي بنور,بوحمام
الدار البيضاء-سطات,سيدي بنور,تامدة
الدار البيضاء-سطات,سيدي بنور,جابرية
الدار البيضاء-سطات,سيدي بنور,خميس القصيبة
الدار البيضاء-سطات,سيدي بنور,سانية بركيك
الدار البيضاء-سطات,سيدي بنور,سي بويحيى
الدار البيضاء-سطات,سيدي بنور,سيدي بنور
الدار البيضاء-سطات,سيدي بنور,كدية بني دغوغ
الدار البيضاء-سطات,سيدي بنور,كريديد
الدار البيضاء-سطات,سيدي بنور,لعامرية
الدار البيضاء-سطات,سيدي بنور,لعطاطرة
الدار البيضاء-سطات,سيدي بنور,لعكاكشة
الدار البيضاء-سطات,سيدي بنور,لعونات
الدار البيضاء-سطات,سيدي بنور,مطران
الدار البيضاء-سطات,مديونة,المجاطية او لاد الطالب
الدار البيضاء-سطات,مديونة,الهراويين
الدار البيضاء-سطات,مديونة,تيط مليل
الدار البيضاء-سطات,مديونة,سيدي حجاج واد حصار
الدار البيضاء-سطات,مديونة,مديونة
الرباط -سلا -القنيطرة,الخميسات,البراشوة
الرباط -سلا -القنيطرة,الخميسات,الرماني
الرباط -سلا -القنيطرة,الخميسات,الزحيلكة
الرباط -سلا -القنيطرة,الخميسات,الصفاصيف
الرباط -سلا -القنيطرة,الخميسات,الغوالم
الرباط -سلا -القنيطرة,الخميسات,الكنزرة
الرباط -سلا -القنيطرة,الخميسات,المركزي الخميسات
الرباط -سلا -القنيطرة,الخميسات,المعازيز
الرباط -سلا -القنيطرة,الخميسات,اولماس
الرباط -سلا -القنيطرة,الخميسات,ايت اريبل
الرباط -سلا -القنيطرة,الخميسات,ايت ايكو
الرباط -سلا -القنيطرة,الخميسات,ايت بلقاسم
الرباط -سلا -القنيطرة,الخميسات,ايت بويحيى الحجامة
الرباط -سلا -القنيطرة,الخميسات,ايت سيبرن
الرباط -سلا -القنيطرة,الخميسات,ايت علي الحسن
الرباط -سلا -القنيطرة,الخميسات,ايت مالك
الرباط -سلا -القنيطرة,الخميسات,ايت ميمون
الرباط -سلا -القنيطرة,الخميسات,ايت يشو
الرباط -سلا -القنيطرة,الخميسات,بوقشمير
الرباط -سلا -القنيطرة,الخميسات,تيداس
الرباط -سلا -القنيطرة,الخميسات,تيفلت
الرباط -سلا -القنيطرة,الخميسات,جمعة مول البلاد
الرباط -سلا -القنيطرة,الخميسات,حودران
الرباط -سلا -القنيطرة,الخميسات,خميس ايت يدين
الرباط -سلا -القنيطرة,الخميسات,خميس سيدي يحيى
الرباط -سلا -القنيطرة,الخميسات,سيدي الغندور
الرباط -سلا -القنيطرة,الخميسات,سيدي بوخلخال عين جوهرة
الرباط -سلا -القنيطرة,الخميسات,سيدي عبد الرزاق
الرباط -سلا -القنيطرة,الخميسات,سيدي علال البحراوي
الرباط -سلا -القنيطرة,الخميسات,سيدي علال المصدر
الرباط -سلا -القنيطرة,الخميسات,عين السبيت
الرباط -سلا -القنيطرة,الخميسات,مجمع الطلبة
الرباط -سلا -القنيطرة,الخميسات,مرشوش
الرباط -سلا -القنيطرة,الخميسات,مقام الطلبة
الرباط -سلا -القنيطرة,الخميسات,مولاي ادريس اغبال
الرباط -سلا -القنيطرة,الرباط,التواركة
الرباط -سلا -القنيطرة,الرباط,الرباط
الرباط -سلا -القنيطرة,الصخيرات-تمارة,الصخيرات
الرباط -سلا -القنيطرة,الصخيرات-تمارة,المنزه
الرباط -سلا -القنيطرة,الصخيرات-تمارة,الهرهورة
الرباط -سلا -القنيطرة,الصخيرات-تمارة,ام عزة
الرباط -سلا -القنيطرة,الصخيرات-تمارة,تمارة
الرباط -سلا -القنيطرة,الصخيرات-تمارة,سيدي يحيى زعير
الرباط -سلا -القنيطرة,الصخيرات-تمارة,صباح
الرباط -سلا -القنيطرة,الصخيرات-تمارة,عين عتيق
الرباط -سلا -القنيطرة,الصخيرات-تمارة,عين عودة
الرباط -سلا -القنيطرة,الصخيرات-تمارة,مرس الخير
الرباط -سلا -القنيطرة,القنيطرة,البحارة اولاد عياد
الرباط -سلا -القنيطرة,القنيطرة,الحدادة
الرباط -سلا -القنيطرة,القنيطرة,الشوافع
الرباط -سلا -القنيطرة,القنيطرة,القنيطرة
الرباط -سلا -القنيطرة,القنيطرة,المكرن
الرباط -سلا -القنيطرة,القنيطرة,المناصرة
الرباط -سلا -القنيطرة,القنيطرة,اولاد سلامة
الرباط -سلا -القنيطرة,القنيطرة,بنمنصور
الرباط -سلا -القنيطرة,القنيطرة,بني مالك
الرباط -سلا -القنيطرة,القنيطرة,سوق الأربعاء
الرباط -سلا -القنيطرة,القنيطرة,سوق الثلاث الغرب
الرباط -سلا -القنيطرة,القنيطرة,سيدي الطيبي
الرباط -سلا -القنيطرة,القنيطرة,سيدي بوبكر الحاج
الرباط -سلا -القنيطرة,القنيطرة,سيدي علال التازي
الرباط -سلا -القنيطرة,القنيطرة,سيدي محمد الحمر
الرباط -سلا -القنيطرة,القنيطرة,سيدي محمد بن منصور
الرباط -سلا -القنيطرة,القنيطرة,عامر السفلية
الرباط -سلا -القنيطرة,القنيطرة,عرباوة
الرباط -سلا -القنيطرة,القنيطرة,قرية بن عودة
الرباط -سلا -القنيطرة,القنيطرة,للاميمونة
الرباط -سلا -القنيطرة,القنيطرة,مهدية
الرباط -سلا -القنيطرة,القنيطرة,مولاي بوسلهام
الرباط -سلا -القنيطرة,القنيطرة,وادي المخازن
الرباط -سلا -القنيطرة,سلا,جماعة حضرية سيدي بوقنادل
الرباط -سلا -القنيطرة,سلا,جماعة قروية السهول
الرباط -سلا -القنيطرة,سلا,جماعة قروية عامر
الرباط -سلا -القنيطرة,سلا,سلا
الرباط -سلا -القنيطرة,سيدي سليمان,ازغار
الرباط -سلا -القنيطرة,سيدي سليمان,الصفافعة
الرباط -سلا -القنيطرة,سيدي سليمان,القصيبة
الرباط -سلا -القنيطرة,سيدي سليمان,المساعدة
الرباط -سلا -القنيطرة,سيدي سليمان,اولاد بن حمادي
الرباط -سلا -القنيطرة,سيدي سليمان,اولاد حسين
الرباط -سلا -القنيطرة,سيدي سليمان,بومعيز
الرباط -سلا -القنيطرة,سيدي سليمان,دار بلعامري
الرباط -سلا -القنيطرة,سيدي سليمان,سيدي سليمان
الرباط -سلا -القنيطرة,سيدي سليمان,سيدي يحيى الغرب
الرباط -سلا -القنيطرة,سيدي سليمان,عامر الشمالية
الرباط -سلا -القنيطرة,سيدي قاسم,احد كورت
الرباط -سلا -القنيطرة,سيدي قاسم,ارميلات
الرباط -سلا -القنيطرة,سيدي قاسم,اشبانات
الرباط -سلا -القنيطرة,سيدي قاسم,الحوافات
الرباط -سلا -القنيطرة,سيدي قاسم,الخنيشات
الرباط -سلا -القنيطرة,سيدي قاسم,الصفصاف
الرباط -سلا -القنيطرة,سيدي قاسم,النويرات
الرباط -سلا -القنيطرة,سيدي قاسم,اولاد انوال
الرباط -سلا -القنيطرة,سيدي قاسم,بئر الطالب
الرباط -سلا -القنيطرة,سيدي قاسم,باب تيوكا
الرباط -سلا -القنيطرة,سيدي قاسم,بني وال
الرباط -سلا -القنيطرة,سيدي قاسم,تكنة
الرباط -سلا -القنيطرة,سيدي قاسم,توغيلت
الرباط -سلا -القنيطرة,سيدي قاسم,جرف الملحة
الرباط -سلا -القنيطرة,سيدي قاسم,دار العسلوجي
الرباط -سلا -القنيطرة,سيدي قاسم,دار الكداري
الرباط -سلا -القنيطرة,سيدي قاسم,زكوطة
الرباط -سلا -القنيطرة,سيدي قاسم,زيرارة
الرباط -سلا -القنيطرة,سيدي قاسم,سلفات
الرباط -سلا -القنيطرة,سيدي قاسم,سيدي احمد بن عيسى
الرباط -سلا -القنيطرة,سيدي قاسم,سيدي اعمر الحاضي
الرباط -سلا -القنيطرة,سيدي قاسم,سيدي الكامل
الرباط -سلا -القنيطرة,سيدي قاسم,سيدي عزوز
الرباط -سلا -القنيطرة,سيدي قاسم,سيدي قاسم
الرباط -سلا -القنيطرة,سيدي قاسم,سيدي محمد الشلح
الرباط -سلا -القنيطرة,سيدي قاسم,عين الدفالي
الرباط -سلا -القنيطرة,سيدي قاسم,لمرابيح
الرباط -سلا -القنيطرة,سيدي قاسم,مشرع بلقصيري
الرباط -سلا -القنيطرة,سيدي قاسم,مولاي عبد القادر
الشرق,الدريوش,اتروكوت
الشرق,الدريوش,اتسافت
الشرق,الدريوش,اجرمواس
الشرق,الدريوش,ازلاف
الشرق,الدريوش,افرني
الشرق,الدريوش,الدريوش
الشرق,الدريوش,امجاو
الشرق,الدريوش,امطالسة
الشرق,الدريوش,امهاجر
الشرق,الدريوش,اولاد امغار
الشرق,الدريوش,اولاد بوبكر
الشرق,الدريوش,ايت مايت
الشرق,الدريوش,بن الطيب
الشرق,الدريوش,بني مرغنين
الشرق,الدريوش,بودينار
الشرق,الدريوش,تزاغين
الشرق,الدريوش,تفرسيت
الشرق,الدريوش,تليليت
الشرق,الدريوش,تمسمان
الشرق,الدريوش,دار الكبداني
الشرق,الدريوش,عين الزهرة
الشرق,الدريوش,ميضار
الشرق,الدريوش,وردانة
الشرق,الناظور,احدادن
الشرق,الناظور,اركمان
الشرق,الناظور,افسو
الشرق,الناظور,البركانيين
الشرق,الناظور,اولاد داوود ازخانين
الشرق,الناظور,اولاد ستوت
الشرق,الناظور,ايسكان
الشرق,الناظور,ايعزانن
الشرق,الناظور,بلدية ازغنغان
الشرق,الناظور,بلدية العروي
الشرق,الناظور,بلدية الناظور
الشرق,الناظور,بلدية بني انصار
الشرق,الناظور,بلدية راس الماء
الشرق,الناظور,بلدية زايو
الشرق,الناظور,بلدية سلوان
الشرق,الناظور,بني بويفرور
الشرق,الناظور,بني سيدال الجبل
الشرق,الناظور,بني سيدال لوطا
الشرق,الناظور,بني شيكر
الشرق,الناظور,بني وكيل اولاد محاند
الشرق,الناظور,بوعرك
الشرق,الناظور,تزطوطين
الشرق,الناظور,حاسي بركان
الشرق,بركان,أحفير
الشرق,بركان,أغبال
الشرق,بركان,اكليم
الشرق,بركان,السعيدية
الشرق,بركان,بركان
الشرق,بركان,بوغريبة
الشرق,بركان,تافوغالت
الشرق,بركان,رسلان
الشرق,بركان,زكزل
الشرق,بركان,سيدي بوهرية
الشرق,بركان,سيدي سليمان-الشراعة
الشرق,بركان,شويحية
الشرق,بركان,عين الركادة
الشرق,بركان,فزوان
الشرق,بركان,لعثامنة
الشرق,بركان,مداغ
الشرق,تاوريرت,أهل وادزا
الشرق,تاوريرت,أولاد امحمد
الشرق,تاوريرت,العطف
الشرق,تاوريرت,العيون-سيدي ملوك
الشرق,تاوريرت,تاوريرت
الشرق,تاوريرت,تنشرفي
الشرق,تاوريرت,دبدو
الشرق,تاوريرت,سيدي علي بلقاسم
الشرق,تاوريرت,سيدي لحسن
الشرق,تاوريرت,عين الحجر
الشرق,تاوريرت,كطيطير
الشرق,تاوريرت,مستكمار
الشرق,تاوريرت,مشرع حمادي
الشرق,تاوريرت,ملقى الويدان
الشرق,جرادة,العوينات
الشرق,جرادة,اولاد سيدي عبد الحاكم
الشرق,جرادة,اولاد غزييل
الشرق,جرادة,بني مطهر
الشرق,جرادة,تويسيت
الشرق,جرادة,تيولي
الشرق,جرادة,جرادة
الشرق,جرادة,راس عصفور
الشرق,جرادة,سيدي بوبكر
الشرق,جرادة,عين بني مطهر
الشرق,جرادة,كفايت
الشرق,جرادة,كنفودة
الشرق,جرادة,لبخاتة
الشرق,جرادة,مريجة
الشرق,جرسيف,الصباب
الشرق,جرسيف,اولاد بوريمة
الشرق,جرسيف,بركين
الشرق,جرسيف,تادرت
الشرق,جرسيف,جرسيف
الشرق,جرسيف,راس القصر
الشرق,جرسيف,صاكة
الشرق,جرسيف,لمريجة
الشرق,جرسيف,مزكيتام
الشرق,جرسيف,هوارة اولاد رحو
الشرق,فجيج,بني تجيت
الشرق,فجيج,بني كيل
الشرق,فجيج,بوعرفة
الشرق,فجيج,بوعنان
الشرق,فجيج,بومريم
الشرق,فجيج,تالسينت
الشرق,فجيج,تندرارة
الشرق,فجيج,عبو لكحل
الشرق,فجيج,عين الشعير
الشرق,فجيج,عين الشواطر
الشرق,فجيج,فجيج
الشرق,فجيج,لمعتركة
الشرق,فجيج,يوشاون
الشرق,وجدة-انجاد,أهل أنكاد
الشرق,وجدة-انجاد,اسلي
الشرق,وجدة-انجاد,النعيمة
الشرق,وجدة-انجاد,بني خالد
الشرق,وجدة-انجاد,بني درار
الشرق,وجدة-انجاد,سيدي بولنوار
الشرق,وجدة-انجاد,سيدي موسى المهاية
الشرق,وجدة-انجاد,عين الصفا
الشرق,وجدة-انجاد,لبصارة
الشرق,وجدة-انجاد,مستفركي
الشرق,وجدة-انجاد,وجدة
العيون- الساقية الحمراء,السمارة,الجديرية
العيون- الساقية الحمراء,السمارة,السمارة
العيون- الساقية الحمراء,السمارة,امكالة
العيون- الساقية الحمراء,السمارة,تفاريتي
العيون- الساقية الحمراء,السمارة,حوزة
العيون- الساقية الحمراء,السمارة,سيدي احمد العروسي
العيون- الساقية الحمراء,العيون,الدشيرة
العيون- الساقية الحمراء,العيون,العيون
العيون- الساقية الحمراء,العيون,المرسى
العيون- الساقية الحمراء,العيون,بوكراع
العيون- الساقية الحمراء,العيون,فم الوادي
العيون- الساقية الحمراء,بوجدور,جريفية
العيون- الساقية الحمراء,بوجدور,جماعة  بوجدور
العيون- الساقية الحمراء,بوجدور,كلتة زمور
العيون- الساقية الحمراء,بوجدور,لمسيد
العيون- الساقية الحمراء,طرفاية,اخفنير
العيون- الساقية الحمراء,طرفاية,الحكونية
العيون- الساقية الحمراء,طرفاية,الدورة
العيون- الساقية الحمراء,طرفاية,الطاح
العيون- الساقية الحمراء,طرفاية,طرفاية
بني ملال -خنيفرة,أزيلال,أزيلال
بني ملال -خنيفرة,أزيلال,أيت امحمد
بني ملال -خنيفرة,أزيلال,ارفالة
بني ملال -خنيفرة,أزيلال,اسكسي
بني ملال -خنيفرة,أزيلال,افورار
بني ملال -خنيفرة,أزيلال,اكودي نلخير
بني ملال -خنيفرة,أزيلال,امليل
بني ملال -خنيفرة,أزيلال,انركي
بني ملال -خنيفرة,أزيلال,انزو
بني ملال -خنيفرة,أزيلال,ايت اوقبلي
بني ملال -خنيفرة,أزيلال,ايت اومديس
بني ملال -خنيفرة,أزيلال,ايت بلال
بني ملال -خنيفرة,أزيلال,ايت بواولي
بني ملال -خنيفرة,أزيلال,ايت تكلا
بني ملال -خنيفرة,أزيلال,ايت تمليل
بني ملال -خنيفرة,أزيلال,ايت عباس
بني ملال -خنيفرة,أزيلال,ايت ماجضن
بني ملال -خنيفرة,أزيلال,ايت مزيغ
بني ملال -خنيفرة,أزيلال,ايت وعرضى
بني ملال -خنيفرة,أزيلال,بزو
بني ملال -خنيفرة,أزيلال,بني حسان
بني ملال -خنيفرة,أزيلال,بني عياط
بني ملال -خنيفرة,أزيلال,بين الويدان
بني ملال -خنيفرة,أزيلال,تابية
بني ملال -خنيفرة,أزيلال,تاكلفت
بني ملال -خنيفرة,أزيلال,تاونزة
بني ملال -خنيفرة,أزيلال,تبانت
بني ملال -خنيفرة,أزيلال,تبروشت
بني ملال -خنيفرة,أزيلال,تدلي فطواكة
بني ملال -خنيفرة,أزيلال,تسقي
بني ملال -خنيفرة,أزيلال,تفرت نيت حمزة
بني ملال -خنيفرة,أزيلال,تفني
بني ملال -خنيفرة,أزيلال,تمدا نمرصيد
بني ملال -خنيفرة,أزيلال,تنانت
بني ملال -خنيفرة,أزيلال,تيلوكيت
بني ملال -خنيفرة,أزيلال,تيموليلت
بني ملال -خنيفرة,أزيلال,دمنات
بني ملال -خنيفرة,أزيلال,زاوية احنصال
بني ملال -خنيفرة,أزيلال,سيدي بولخلف
بني ملال -خنيفرة,أزيلال,سيدي يعقوب
بني ملال -خنيفرة,أزيلال,فم الجمعة
بني ملال -خنيفرة,أزيلال,مولاي عيسى بن ادريس
بني ملال -خنيفرة,أزيلال,واولي
بني ملال -خنيفرة,أزيلال,واويزغت
بني ملال -خنيفرة,الفقيه بن صالح,الفقيه بن صالح
بني ملال -خنيفرة,الفقيه بن صالح,اهل مربع
بني ملال -خنيفرة,الفقيه بن صالح,اولاد بورحمون
بني ملال -خنيفرة,الفقيه بن صالح,اولاد زمام
بني ملال -خنيفرة,الفقيه بن صالح,اولاد عياد
بني ملال -خنيفرة,الفقيه بن صالح,اولاد ناصر
بني ملال -خنيفرة,الفقيه بن صالح,برادية
بني ملال -خنيفرة,الفقيه بن صالح,بني شكدال
بني ملال -خنيفرة,الفقيه بن صالح,بني وكيل
بني ملال -خنيفرة,الفقيه بن صالح,حد بوموسى
بني ملال -خنيفرة,الفقيه بن صالح,خلفية
بني ملال -خنيفرة,الفقيه بن صالح,دار ولد زيدوح
بني ملال -خنيفرة,الفقيه بن صالح,سوق السبت اولاد النمة
بني ملال -خنيفرة,الفقيه بن صالح,سيدي حمادي
بني ملال -خنيفرة,الفقيه بن صالح,سيدي عيسى بن علي
بني ملال -خنيفرة,الفقيه بن صالح,كريفات
بني ملال -خنيفرة,بني ملال,أولاد يوسف
بني ملال -خنيفرة,بني ملال,اغبالة
بني ملال -خنيفرة,بني ملال,القصيبة
بني ملال -خنيفرة,بني ملال,اولاد اكناو
بني ملال -خنيفرة,بني ملال,اولاد امبارك
بني ملال -خنيفرة,بني ملال,اولاد سعيد الواد
بني ملال -خنيفرة,بني ملال,اولاد يعيش
بني ملال -خنيفرة,بني ملال,ايت ام البخت
بني ملال -خنيفرة,بني ملال,بني ملال
بني ملال -خنيفرة,بني ملال,بوتفردة
بني ملال -خنيفرة,بني ملال,تاكزيرت
بني ملال -خنيفرة,بني ملال,تانوغة
بني ملال -خنيفرة,بني ملال,تيزي نسلي
بني ملال -خنيفرة,بني ملال,دير القصيبة
بني ملال -خنيفرة,بني ملال,زاوية الشيخ
بني ملال -خنيفرة,بني ملال,سمكت
بني ملال -خنيفرة,بني ملال,سيدي جابر
بني ملال -خنيفرة,بني ملال,فم العنصر
بني ملال -خنيفرة,بني ملال,فم اودي
بني ملال -خنيفرة,بني ملال,قصبة تادلة
بني ملال -خنيفرة,بني ملال,كطاية
بني ملال -خنيفرة,بني ملال,ناوور
بني ملال -خنيفرة,خريبكة,أبي الجعد
بني ملال -خنيفرة,خريبكة,اخريبكة
بني ملال -خنيفرة,خريبكة,البراكسة
بني ملال -خنيفرة,خريبكة,الرواشد
بني ملال -خنيفرة,خريبكة,الشكران
بني ملال -خنيفرة,خريبكة,الفقراء
بني ملال -خنيفرة,خريبكة,المعادنة
بني ملال -خنيفرة,خريبكة,المفاسيس
بني ملال -خنيفرة,خريبكة,اولاد بوغادي
بني ملال -خنيفرة,خريبكة,اولاد عبدون
بني ملال -خنيفرة,خريبكة,اولاد عزوز
بني ملال -خنيفرة,خريبكة,اولاد عيسى
بني ملال -خنيفرة,خريبكة,اولاد فتاتة
بني ملال -خنيفرة,خريبكة,اولاد فنان
بني ملال -خنيفرة,خريبكة,اولاد كواوش
بني ملال -خنيفرة,خريبكة,ايت عمار
بني ملال -خنيفرة,خريبكة,بئر مزوي
بني ملال -خنيفرة,خريبكة,بني بتاو
بني ملال -خنيفرة,خريبكة,بني زرنتل
بني ملال -خنيفرة,خريبكة,بني سمير
بني ملال -خنيفرة,خريبكة,بني يخلف
بني ملال -خنيفرة,خريبكة,بوجنيبة
بني ملال -خنيفرة,خريبكة,بوخريص
بني ملال -خنيفرة,خريبكة,بولنوار
بني ملال -خنيفرة,خريبكة,تشرافت
بني ملال -خنيفرة,خريبكة,حطان
بني ملال -خنيفرة,خريبكة,عين قيشر
بني ملال -خنيفرة,خريبكة,قصبة الطرش
بني ملال -خنيفرة,خريبكة,لكفاف
بني ملال -خنيفرة,خريبكة,لكناديز
بني ملال -خنيفرة,خريبكة,واد زم
بني ملال -خنيفرة,خنيفرة,احد بوحسوسن
بني ملال -خنيفرة,خنيفرة,اكلمام ازكزا
بني ملال -خنيفرة,خنيفرة,اكلموس
بني ملال -خنيفرة,خنيفرة,البرج
بني ملال -خنيفرة,خنيفرة,الحمام
بني ملال -خنيفرة,خنيفرة,القباب
بني ملال -خنيفرة,خنيفرة,ام الربيع
بني ملال -خنيفرة,خنيفرة,ايت اسحاق
بني ملال -خنيفرة,خنيفرة,ايت سعد لي
بني ملال -خنيفرة,خنيفرة,تغسالين
بني ملال -خنيفرة,خنيفرة,خنيفرة
بني ملال -خنيفرة,خنيفرة,سبت ايت رحو
بني ملال -خنيفرة,خنيفرة,سيدي حسين
بني ملال -خنيفرة,خنيفرة,سيدي عمرو
بني ملال -خنيفرة,خنيفرة,سيدي لامين
بني ملال -خنيفرة,خنيفرة,سيدي يحيى اوساعد
بني ملال -خنيفرة,خنيفرة,كروشن
بني ملال -خنيفرة,خنيفرة,لهري
بني ملال -خنيفرة,خنيفرة,مريرت
بني ملال -خنيفرة,خنيفرة,موحى احمو الزياني
بني ملال -خنيفرة,خنيفرة,مولاي بوعزة
بني ملال -خنيفرة,خنيفرة,واو مانة
درعة -تافيلالت,الرشيدية,أرفود
درعة -تافيلالت,الرشيدية,ابني امحمد سجلماسة
درعة -تافيلالت,الرشيدية,اعرب الصباح اغريس
درعة -تافيلالت,الرشيدية,اغبالو نكردوس
درعة -تافيلالت,الرشيدية,افوس
درعة -تافيلالت,الرشيدية,الجرف
درعة -تافيلالت,الرشيدية,الخنك
درعة -تافيلالت,الرشيدية,الرتب
درعة -تافيلالت,الرشيدية,الرشيدية
درعة -تافيلالت,الرشيدية,الريصاني
درعة -تافيلالت,الرشيدية,السفلات
درعة -تافيلالت,الرشيدية,السيفا
درعة -تافيلالت,الرشيدية,الطاوس
درعة -تافيلالت,الرشيدية,املاكو
درعة -تافيلالت,الرشيدية,بودنيب
درعة -تافيلالت,الرشيدية,تاديغوست
درعة -تافيلالت,الرشيدية,تنجداد
درعة -تافيلالت,الرشيدية,سيدي علي
درعة -تافيلالت,الرشيدية,شرفاء مدغرة
درعة -تافيلالت,الرشيدية,عرب الصباح زيز
درعة -تافيلالت,الرشيدية,غريس السفلي
درعة -تافيلالت,الرشيدية,غريس العلوي
درعة -تافيلالت,الرشيدية,فركلة السفلى
درعة -تافيلالت,الرشيدية,فركلة العليا
درعة -تافيلالت,الرشيدية,فزنا
درعة -تافيلالت,الرشيدية,كلميمة
درعة -تافيلالت,الرشيدية,ملعب
درعة -تافيلالت,الرشيدية,مولاي علي الشريف
درعة -تافيلالت,الرشيدية,وادي النعام
درعة -تافيلالت,تنغير,اسول
درعة -تافيلالت,تنغير,اغيل نومكون
درعة -تافيلالت,تنغير,اكنيون
درعة -تافيلالت,تنغير,النيف
درعة -تافيلالت,تنغير,امسمرير
درعة -تافيلالت,تنغير,اميضر
درعة -تافيلالت,تنغير,ايت سدرات الجبل السفلي
درعة -تافيلالت,تنغير,ايت سدرات الجبل العاليا
درعة -تافيلالت,تنغير,ايت سدرات السهل الشرقي
درعة -تافيلالت,تنغير,ايت سدرات السهل الغربي
درعة -تافيلالت,تنغير,ايت فرسي
درعة -تافيلالت,تنغير,ايت هاني
درعة -تافيلالت,تنغير,ايت واسيف
درعة -تافيلالت,تنغير,ايت يول
درعة -تافيلالت,تنغير,بومالن دادس
درعة -تافيلالت,تنغير,تغزوت نايت عطا
درعة -تافيلالت,تنغير,تلمي
درعة -تافيلالت,تنغير,تنغير
درعة -تافيلالت,تنغير,تودعى السفلى
درعة -تافيلالت,تنغير,تودغى العليا
درعة -تافيلالت,تنغير,حصيا
درعة -تافيلالت,تنغير,سوق الخميس دادس
درعة -تافيلالت,تنغير,قلعة مكونة
درعة -تافيلالت,تنغير,مصيسي
درعة -تافيلالت,تنغير,واكليم
درعة -تافيلالت,زاكورة,ابليدة
درعة -تافيلالت,زاكورة,افرا
درعة -تافيلالت,زاكورة,افلاندرا
درعة -تافيلالت,زاكورة,الروحا
درعة -تافيلالت,زاكورة,المحاميد الغزلان
درعة -تافيلالت,زاكورة,النقوب
درعة -تافيلالت,زاكورة,اولاد يحى الكراير
درعة -تافيلالت,زاكورة,ايت بوداود
درعة -تافيلالت,زاكورة,ايت ولال
درعة -تافيلالت,زاكورة,بلدية اكدز
درعة -تافيلالت,زاكورة,بلدية زاكورة
درعة -تافيلالت,زاكورة,بني زولي
درعة -تافيلالت,زاكورة,بوزروال
درعة -تافيلالت,زاكورة,تازارين
درعة -تافيلالت,زاكورة,تافتاشنا
درعة -تافيلالت,زاكورة,تاكونيت
درعة -تافيلالت,زاكورة,تامكروت
درعة -تافيلالت,زاكورة,ترناتة
درعة -تافيلالت,زاكورة,تغبالت
درعة -تافيلالت,زاكورة,تمزموط
درعة -تافيلالت,زاكورة,تنزولين
درعة -تافيلالت,زاكورة,تنسيفت
درعة -تافيلالت,زاكورة,فزواطة
درعة -تافيلالت,زاكورة,كتاوة
درعة -تافيلالت,زاكورة,مزكيطة
درعة -تافيلالت,ميدلت,أغبالو
درعة -تافيلالت,ميدلت,إيتزر
درعة -تافيلالت,ميدلت,اكديم
درعة -تافيلالت,ميدلت,الريش
درعة -تافيلالت,ميدلت,النزالة
درعة -تافيلالت,ميدلت,امرصيد
درعة -تافيلالت,ميدلت,امزيزل
درعة -تافيلالت,ميدلت,املشيل
درعة -تافيلالت,ميدلت,اموكر
درعة -تافيلالت,ميدلت,انمزي
درعة -تافيلالت,ميدلت,اوتربات
درعة -تافيلالت,ميدلت,ايت إزدك
درعة -تافيلالت,ميدلت,ايت بن يعقوب
درعة -تافيلالت,ميدلت,ايت عياش
درعة -تافيلالت,ميدلت,ايت يحيى
درعة -تافيلالت,ميدلت,بوازمو
درعة -تافيلالت,ميدلت,بومية
درعة -تافيلالت,ميدلت,تنوردي
درعة -تافيلالت,ميدلت,تونفيت
درعة -تافيلالت,ميدلت,تيزي نغشو
درعة -تافيلالت,ميدلت,زايدة
درعة -تافيلالت,ميدلت,سيدي حمزة
درعة -تافيلالت,ميدلت,سيدي عياد
درعة -تافيلالت,ميدلت,سيدي يحيى ايوسف
درعة -تافيلالت,ميدلت,كرامة
درعة -تافيلالت,ميدلت,كرس تعلالين
درعة -تافيلالت,ميدلت,كير
درعة -تافيلالت,ميدلت,ميبلادن
درعة -تافيلالت,ميدلت,ميدلت
درعة -تافيلالت,ورزازات,ادلسان
درعة -تافيلالت,ورزازات,ازناكن
درعة -تافيلالت,ورزازات,اغرم نوكدال
درعة -تافيلالت,ورزازات,امرزكان
درعة -تافيلالت,ورزازات,امي نولاون
درعة -تافيلالت,ورزازات,ايت زينب
درعة -تافيلالت,ورزازات,تازناخت
درعة -تافيلالت,ورزازات,ترميكت
درعة -تافيلالت,ورزازات,تلوات
درعة -تافيلالت,ورزازات,توندوت
درعة -تافيلالت,ورزازات,تيدلي
درعة -تافيلالت,ورزازات,خزامة
درعة -تافيلالت,ورزازات,سروا
درعة -تافيلالت,ورزازات,سكورة اهل الوسط
درعة -تافيلالت,ورزازات,غسات
درعة -تافيلالت,ورزازات,ورزازات
درعة -تافيلالت,ورزازات,وسلسات
سوس- ماسة,إنزكان أيت ملول,الدشيرة الجهادية
سوس- ماسة,إنزكان أيت ملول,انزكان
سوس- ماسة,إنزكان أيت ملول,اولاد دحو
سوس- ماسة,إنزكان أيت ملول,ايت ملول
سوس- ماسة,إنزكان أيت ملول,تمسية
سوس- ماسة,إنزكان أيت ملول,لقليعة
سوس- ماسة,اشتوكة ايت باها,إدا وكنظيف
سوس- ماسة,اشتوكة ايت باها,إنشادن
سوس- ماسة,اشتوكة ايت باها,أيت  باها
سوس- ماسة,اشتوكة ايت باها,امي مقورن
سوس- ماسة,اشتوكة ايت باها,اوكنز
سوس- ماسة,اشتوكة ايت باها,ايت عميرة
سوس- ماسة,اشتوكة ايت باها,ايت مزال
سوس- ماسة,اشتوكة ايت باها,ايت ميلك
سوس- ماسة,اشتوكة ايت باها,ايت واد ريم
سوس- ماسة,اشتوكة ايت باها,بلفاع
سوس- ماسة,اشتوكة ايت باها,بيوكرى
سوس- ماسة,اشتوكة ايت باها,تركا نتوشكا
سوس- ماسة,اشتوكة ايت باها,تزي نتكوشت
سوس- ماسة,اشتوكة ايت باها,تسكدلت
سوس- ماسة,اشتوكة ايت باها,تنالت
سوس- ماسة,اشتوكة ايت باها,سيدي بوسحاب
سوس- ماسة,اشتوكة ايت باها,سيدي بيبي
سوس- ماسة,اشتوكة ايت باها,سيدي عبد الله البوشواري
سوس- ماسة,اشتوكة ايت باها,سيدي وساي
سوس- ماسة,اشتوكة ايت باها,ماسة
سوس- ماسة,اشتوكة ايت باها,هلالة
سوس- ماسة,اشتوكة ايت باها,واد الصفاء
سوس- ماسة,اكادير إدا أو - تنان,ازيار
سوس- ماسة,اكادير إدا أو - تنان,اضمين
سوس- ماسة,اكادير إدا أو - تنان,اقصري
سوس- ماسة,اكادير إدا أو - تنان,اكادير
سوس- ماسة,اكادير إدا أو - تنان,الدراركة
سوس- ماسة,اكادير إدا أو - تنان,امسكروض
سوس- ماسة,اكادير إدا أو - تنان,امسوان
سوس- ماسة,اكادير إدا أو - تنان,اورير
سوس- ماسة,اكادير إدا أو - تنان,ايموزار
سوس- ماسة,اكادير إدا أو - تنان,تامري
سوس- ماسة,اكادير إدا أو - تنان,تدرارت
سوس- ماسة,اكادير إدا أو - تنان,تغازوت
سوس- ماسة,اكادير إدا أو - تنان,تقي
سوس- ماسة,تارودانت,أولاد برحيل
سوس- ماسة,تارودانت,أولاد تايمة
سوس- ماسة,تارودانت,أولوز
سوس- ماسة,تارودانت,أيت إيعزة
سوس- ماسة,تارودانت,إيغرم
سوس- ماسة,تارودانت,احمر الكلالشة
سوس- ماسة,تارودانت,ادا وكماض
سوس- ماسة,تارودانت,ادا وكيلال
سوس- ماسة,تارودانت,اداومومن
سوس- ماسة,تارودانت,ارزن
سوس- ماسة,تارودانت,اركانة
سوس- ماسة,تارودانت,ازرار
سوس- ماسة,تارودانت,ازغار نيرس
سوس- ماسة,تارودانت,اساكي
سوس- ماسة,تارودانت,اسايس
سوس- ماسة,تارودانت,اسكاون
سوس- ماسة,تارودانت,اسن
سوس- ماسة,تارودانت,اصادص
سوس- ماسة,تارودانت,اضار
سوس- ماسة,تارودانت,افريجة
سوس- ماسة,تارودانت,اكادير ملول
سوس- ماسة,تارودانت,اكلي
سوس- ماسة,تارودانت,اكيدي
سوس- ماسة,تارودانت,الخنافيف
سوس- ماسة,تارودانت,الدير
سوس- ماسة,تارودانت,الفيض
سوس- ماسة,تارودانت,الكدية البيضاء
سوس- ماسة,تارودانت,الكردان
سوس- ماسة,تارودانت,الكفيفات
سوس- ماسة,تارودانت,المهارة
سوس- ماسة,تارودانت,النحيت
سوس- ماسة,تارودانت,املو
سوس- ماسة,تارودانت,امي انتيارت
سوس- ماسة,تارودانت,اميلمايس
سوس- ماسة,تارودانت,اهل الرمل
سوس- ماسة,تارودانت,اهل تفنوت
سوس- ماسة,تارودانت,اوزيوة
سوس- ماسة,تارودانت,اولاد عيسى
سوس- ماسة,تارودانت,اوناين
سوس- ماسة,تارودانت,ايت اكاس
سوس- ماسة,تارودانت,ايت عبد الله
سوس- ماسة,تارودانت,ايت مخلوف
سوس- ماسة,تارودانت,ايكودار المنابها
سوس- ماسة,تارودانت,ايماون
سوس- ماسة,تارودانت,ايمولاس
سوس- ماسة,تارودانت,بونرار
سوس- ماسة,تارودانت,بيكودين
سوس- ماسة,تارودانت,تابيا
سوس- ماسة,تارودانت,تارودانت
سوس- ماسة,تارودانت,تازمورت
سوس- ماسة,تارودانت,تاسوسفي
سوس- ماسة,تارودانت,تافراوتن
سوس- ماسة,تارودانت,تافنكولت
سوس- ماسة,تارودانت,تالكجونت
سوس- ماسة,تارودانت,تالمكانت
سوس- ماسة,تارودانت,تالوين
سوس- ماسة,تارودانت,تبقال
سوس- ماسة,تارودانت,تتاوت
سوس- ماسة,تارودانت,تدسي نسندالن
سوس- ماسة,تارودانت,تزكزاوين
سوس- ماسة,تارودانت,تزي نتست
سوس- ماسة,تارودانت,تسراس
سوس- ماسة,تارودانت,تكوكة
سوس- ماسة,تارودانت,تملوكت
سوس- ماسة,تارودانت,تندين
سوس- ماسة,تارودانت,تنزرت
سوس- ماسة,تارودانت,توغمرت
سوس- ماسة,تارودانت,توفلعزت
سوس- ماسة,تارودانت,تومليلين
سوس- ماسة,تارودانت,تويالت
سوس- ماسة,تارودانت,تيسفان
سوس- ماسة,تارودانت,تيوت
سوس- ماسة,تارودانت,زاكموزن
سوس- ماسة,تارودانت,زاوية سيدي الطاهر
سوس- ماسة,تارودانت,سيدي احمد اعبد الله
سوس- ماسة,تارودانت,سيدي احمد اعمر
سوس- ماسة,تارودانت,سيدي امزال
سوس- ماسة,تارودانت,سيدي بورجا
سوس- ماسة,تارودانت,سيدي بوعل
سوس- ماسة,تارودانت,سيدي بوموسى
سوس- ماسة,تارودانت,سيدي حساين
سوس- ماسة,تارودانت,سيدي دحمان
سوس- ماسة,تارودانت,سيدي عبد الله اوسعيد
سوس- ماسة,تارودانت,سيدي موسى الحمري
سوس- ماسة,تارودانت,سيدي وعزيز
سوس- ماسة,تارودانت,لمنيزلة
سوس- ماسة,تارودانت,لمهادي
سوس- ماسة,تارودانت,مشرع العين
سوس- ماسة,تارودانت,والقاضي
سوس- ماسة,تيزنيت,أربعاء أيت أحمد
سوس- ماسة,تيزنيت,أربعاء الساحل
سوس- ماسة,تيزنيت,آملن
سوس- ماسة,تيزنيت,اثنين أكلو
سوس- ماسة,تيزنيت,اثنين اداي
سوس- ماسة,تيزنيت,اداكوكمار
سوس- ماسة,تيزنيت,اربعاء رسموكة
سوس- ماسة,تيزنيت,اريغ نتهالة
سوس- ماسة,تيزنيت,افلا اغير
سوس- ماسة,تيزنيت,الركادة
سوس- ماسة,تيزنيت,المعدرالكبير
سوس- ماسة,تيزنيت,انزي
سوس- ماسة,تيزنيت,ايت اسفن
سوس- ماسة,تيزنيت,ايت وافقا
سوس- ماسة,تيزنيت,تافراوت
سوس- ماسة,تيزنيت,ترسواط
سوس- ماسة,تيزنيت,تسريرت
سوس- ماسة,تيزنيت,تفراوت الملود
سوس- ماسة,تيزنيت,تيزغران
سوس- ماسة,تيزنيت,تيزنيت
سوس- ماسة,تيزنيت,تيغمي
سوس- ماسة,تيزنيت,جماعة بونعمان
سوس- ماسة,تيزنيت,جماعة سيدي بو عبد اللي
سوس- ماسة,تيزنيت,زاوية سيدي احمد اموسى
سوس- ماسة,تيزنيت,وجان
سوس- ماسة,طاطا,ابن يعقوب
سوس- ماسة,طاطا,اديس
سوس- ماسة,طاطا,اسافن
سوس- ماسة,طاطا,اقا
سوس- ماسة,طاطا,اقا يغان
سوس- ماسة,طاطا,اكينان
سوس- ماسة,طاطا,الوكوم
سوس- ماسة,طاطا,ام الكردان
سوس- ماسة,طاطا,ايت وابلي
سوس- ماسة,طاطا,تزغت
سوس- ماسة,طاطا,تزونين
سوس- ماسة,طاطا,تسينت
سوس- ماسة,طاطا,تكزمرت
سوس- ماسة,طاطا,تكموت
سوس- ماسة,طاطا,تليت
سوس- ماسة,طاطا,تمنارت
سوس- ماسة,طاطا,طاطا
سوس- ماسة,طاطا,فم الحصن
سوس- ماسة,طاطا,فم الزكيد
سوس- ماسة,طاطا,قصبة سيدي عبد الله بن مبارك
طنجة- تطوان -الحسيمة,الحسيمة,أجدير
طنجة- تطوان -الحسيمة,الحسيمة,أيت قمرة
طنجة- تطوان -الحسيمة,الحسيمة,اربعاء تاوريرت
طنجة- تطوان -الحسيمة,الحسيمة,ارواضي
طنجة- تطوان -الحسيمة,الحسيمة,ازمورن
طنجة- تطوان -الحسيمة,الحسيمة,اساكن
طنجة- تطوان -الحسيمة,الحسيمة,اسنادة
طنجة- تطوان -الحسيمة,الحسيمة,الحسيمة
طنجة- تطوان -الحسيمة,الحسيمة,النكور
طنجة- تطوان -الحسيمة,الحسيمة,امرابطن
طنجة- تطوان -الحسيمة,الحسيمة,امزورن
طنجة- تطوان -الحسيمة,الحسيمة,ايت يوسف وعلي
طنجة- تطوان -الحسيمة,الحسيمة,بني ابشير
طنجة- تطوان -الحسيمة,الحسيمة,بني احمد اموكزان
طنجة- تطوان -الحسيمة,الحسيمة,بني اكميل
طنجة- تطوان -الحسيمة,الحسيمة,بني بوشيبت
طنجة- تطوان -الحسيمة,الحسيمة,بني بوعياش
طنجة- تطوان -الحسيمة,الحسيمة,بني بوفراح
طنجة- تطوان -الحسيمة,الحسيمة,بني بونصار
طنجة- تطوان -الحسيمة,الحسيمة,بني جميل مكصولين
طنجة- تطوان -الحسيمة,الحسيمة,بني حذيفة
طنجة- تطوان -الحسيمة,الحسيمة,بني عبدالله
طنجة- تطوان -الحسيمة,الحسيمة,بني عمارت
طنجة- تطوان -الحسيمة,الحسيمة,تارجيست
طنجة- تطوان -الحسيمة,الحسيمة,تاغزوت
طنجة- تطوان -الحسيمة,الحسيمة,تامساوت
طنجة- تطوان -الحسيمة,الحسيمة,تيفروين
طنجة- تطوان -الحسيمة,الحسيمة,زاوية سيدي عبدالقادر
طنجة- تطوان -الحسيمة,الحسيمة,زرقت
طنجة- تطوان -الحسيمة,الحسيمة,سيدي بوتميم
طنجة- تطوان -الحسيمة,الحسيمة,سيدي بوزينب
طنجة- تطوان -الحسيمة,الحسيمة,شقران
طنجة- تطوان -الحسيمة,الحسيمة,عبد الغاية السواحل
طنجة- تطوان -الحسيمة,الحسيمة,كتامة
طنجة- تطوان -الحسيمة,الحسيمة,لوطا
طنجة- تطوان -الحسيمة,الحسيمة,مولي احمد الشريف
طنجة- تطوان -الحسيمة,العرائش,الساحل
طنجة- تطوان -الحسيمة,العرائش,السواكن
طنجة- تطوان -الحسيمة,العرائش,العرائش
طنجة- تطوان -الحسيمة,العرائش,العوامرة
طنجة- تطوان -الحسيمة,العرائش,القصرالكبير
طنجة- تطوان -الحسيمة,العرائش,اولاد اوشيخ
طنجة- تطوان -الحسيمة,العرائش,بني عروس
طنجة- تطوان -الحسيمة,العرائش,بني كرفط
طنجة- تطوان -الحسيمة,العرائش,بوجديان
طنجة- تطوان -الحسيمة,العرائش,تازروت
طنجة- تطوان -الحسيمة,العرائش,تطفت
طنجة- تطوان -الحسيمة,العرائش,ريصانة الجنوبية
طنجة- تطوان -الحسيمة,العرائش,ريصانة الشمالية
طنجة- تطوان -الحسيمة,العرائش,زعرورة
طنجة- تطوان -الحسيمة,العرائش,زوادة
طنجة- تطوان -الحسيمة,العرائش,سوق الطلبة
طنجة- تطوان -الحسيمة,العرائش,سوق القلة
طنجة- تطوان -الحسيمة,العرائش,عياشة
طنجة- تطوان -الحسيمة,العرائش,قصر ابجير
طنجة- تطوان -الحسيمة,الفحص - انجرة,اجوامعة
طنجة- تطوان -الحسيمة,الفحص - انجرة,البحراويين
طنجة- تطوان -الحسيمة,الفحص - انجرة,القصر الصغير
طنجة- تطوان -الحسيمة,الفحص - انجرة,انجرة
طنجة- تطوان -الحسيمة,الفحص - انجرة,تغرمت
طنجة- تطوان -الحسيمة,الفحص - انجرة,قصر المجاز
طنجة- تطوان -الحسيمة,الفحص - انجرة,ملوسة
طنجة- تطوان -الحسيمة,المضيق- الفنيدق,بليونش
طنجة- تطوان -الحسيمة,المضيق- الفنيدق,جماعة العليين
طنجة- تطوان -الحسيمة,المضيق- الفنيدق,جماعة الفنيدق
طنجة- تطوان -الحسيمة,المضيق- الفنيدق,جماعة المضيق
طنجة- تطوان -الحسيمة,المضيق- الفنيدق,مرتيل
طنجة- تطوان -الحسيمة,تطوان,أزلا
طنجة- تطوان -الحسيمة,تطوان,الحمراء
طنجة- تطوان -الحسيمة,تطوان,الخروب
طنجة- تطوان -الحسيمة,تطوان,الزيتون
طنجة- تطوان -الحسيمة,تطوان,الزينات
طنجة- تطوان -الحسيمة,تطوان,السحتريين
طنجة- تطوان -الحسيمة,تطوان,الملاليين
طنجة- تطوان -الحسيمة,تطوان,الواد
طنجة- تطوان -الحسيمة,تطوان,اولاد علي منصور
طنجة- تطوان -الحسيمة,تطوان,بغاغزة
طنجة- تطوان -الحسيمة,تطوان,بني حرشن
طنجة- تطوان -الحسيمة,تطوان,بني سعيد
طنجة- تطوان -الحسيمة,تطوان,بني ليت
طنجة- تطوان -الحسيمة,تطوان,بني يدر
طنجة- تطوان -الحسيمة,تطوان,تطوان
طنجة- تطوان -الحسيمة,تطوان,جبل الحبيب
طنجة- تطوان -الحسيمة,تطوان,دار بني قريش
طنجة- تطوان -الحسيمة,تطوان,زاوية سيدي قاسم
طنجة- تطوان -الحسيمة,تطوان,سوق القديم
طنجة- تطوان -الحسيمة,تطوان,صدينة
طنجة- تطوان -الحسيمة,تطوان,عين لحصن
طنجة- تطوان -الحسيمة,تطوان,واد لو
طنجة- تطوان -الحسيمة,شفشاون,اسطيحة
طنجة- تطوان -الحسيمة,شفشاون,الدردارة
طنجة- تطوان -الحسيمة,شفشاون,المنصورة
طنجة- تطوان -الحسيمة,شفشاون,امتار
طنجة- تطوان -الحسيمة,شفشاون,اونان
طنجة- تطوان -الحسيمة,شفشاون,باب برد
طنجة- تطوان -الحسيمة,شفشاون,باب تازة
طنجة- تطوان -الحسيمة,شفشاون,بني احمد الشرقية
طنجة- تطوان -الحسيمة,شفشاون,بني احمد الغربية
طنجة- تطوان -الحسيمة,شفشاون,بني بوزرة
طنجة- تطوان -الحسيمة,شفشاون,بني دركول
طنجة- تطوان -الحسيمة,شفشاون,بني رزين
طنجة- تطوان -الحسيمة,شفشاون,بني سلمان
طنجة- تطوان -الحسيمة,شفشاون,بني سميح
طنجة- تطوان -الحسيمة,شفشاون,بني صالح
طنجة- تطوان -الحسيمة,شفشاون,بني فغلوم
طنجة- تطوان -الحسيمة,شفشاون,بني منصور
طنجة- تطوان -الحسيمة,شفشاون,تاسيفت
طنجة- تطوان -الحسيمة,شفشاون,تزكان
طنجة- تطوان -الحسيمة,شفشاون,تلمبوط
طنجة- تطوان -الحسيمة,شفشاون,تمروت
طنجة- تطوان -الحسيمة,شفشاون,تنقوب
طنجة- تطوان -الحسيمة,شفشاون,شفشاون
طنجة- تطوان -الحسيمة,شفشاون,فيفي
طنجة- تطوان -الحسيمة,شفشاون,لغدير
طنجة- تطوان -الحسيمة,شفشاون,متيوة
طنجة- تطوان -الحسيمة,شفشاون,واد ملحة
طنجة- تطوان -الحسيمة,شفشاون,ووزكان
طنجة- تطوان -الحسيمة,طنجة-اصيلة,أصيلة
طنجة- تطوان -الحسيمة,طنجة-اصيلة,اكزناية
طنجة- تطوان -الحسيمة,طنجة-اصيلة,الساحل الشمالي
طنجة- تطوان -الحسيمة,طنجة-اصيلة,العوامة
طنجة- تطوان -الحسيمة,طنجة-اصيلة,جماعة اقواس ابريش
طنجة- تطوان -الحسيمة,طنجة-اصيلة,جماعة المنزلة
طنجة- تطوان -الحسيمة,طنجة-اصيلة,جماعة دار الشاوي
طنجة- تطوان -الحسيمة,طنجة-اصيلة,جماعة سبت الزينات
طنجة- تطوان -الحسيمة,طنجة-اصيلة,حجر النحل
طنجة- تطوان -الحسيمة,طنجة-اصيلة,حد الغربية
طنجة- تطوان -الحسيمة,طنجة-اصيلة,سيدي اليمني
طنجة- تطوان -الحسيمة,طنجة-اصيلة,طنجة
طنجة- تطوان -الحسيمة,وزان,ابريكشة
طنجة- تطوان -الحسيمة,وزان,ازغيرة
طنجة- تطوان -الحسيمة,وزان,اسجن
طنجة- تطوان -الحسيمة,وزان,امزفرون
طنجة- تطوان -الحسيمة,وزان,بني كلة
طنجة- تطوان -الحسيمة,وزان,تروال
طنجة- تطوان -الحسيمة,وزان,زومي
طنجة- تطوان -الحسيمة,وزان,سيدي احمد الشريف
طنجة- تطوان -الحسيمة,وزان,سيدي بوصبر
طنجة- تطوان -الحسيمة,وزان,سيدي رضوان
طنجة- تطوان -الحسيمة,وزان,عين بيضاء
طنجة- تطوان -الحسيمة,وزان,قلعة بوقرة
طنجة- تطوان -الحسيمة,وزان,لمجاعرة
طنجة- تطوان -الحسيمة,وزان,مصمودة
طنجة- تطوان -الحسيمة,وزان,مقريصات
طنجة- تطوان -الحسيمة,وزان,وزان
طنجة- تطوان -الحسيمة,وزان,ونانة
فاس- مكناس,الحاجب,اكوراي
فاس- مكناس,الحاجب,الحاجب
فاس- مكناس,الحاجب,القصير
فاس- مكناس,الحاجب,ايت بوبدمان
فاس- مكناس,الحاجب,ايت نعمان
فاس- مكناس,الحاجب,ايت ويخلفن
فاس- مكناس,الحاجب,ايت يعزم
فاس- مكناس,الحاجب,بطيط
فاس- مكناس,الحاجب,تامشاشاط
فاس- مكناس,الحاجب,جحجوح
فاس- مكناس,الحاجب,جماعة اقدار
فاس- مكناس,الحاجب,جماعة ايت بورزوين
فاس- مكناس,الحاجب,جماعة ايت حرز الله
فاس- مكناس,الحاجب,راس ايجيري
فاس- مكناس,الحاجب,سبع عيون
فاس- مكناس,الحاجب,عين توجطاط
فاس- مكناس,بولمان,افريطيسة
فاس- مكناس,بولمان,الرميلة
فاس- مكناس,بولمان,العرجان
فاس- مكناس,بولمان,القصابي-ملوية
فاس- مكناس,بولمان,المرس
فاس- مكناس,بولمان,الميس مرموشة
فاس- مكناس,بولمان,انجيل
فاس- مكناس,بولمان,اوطاط الحاج
فاس- مكناس,بولمان,اولاد علي يوسف
فاس- مكناس,بولمان,ايت المان
فاس- مكناس,بولمان,ايت بازة
فاس- مكناس,بولمان,ايموزار مرموشة
فاس- مكناس,بولمان,بولمان
فاس- مكناس,بولمان,تالزمت
فاس- مكناس,بولمان,تيساف
فاس- مكناس,بولمان,سرغينة
فاس- مكناس,بولمان,سكورة-مداز
فاس- مكناس,بولمان,سيدي بوطيب
فاس- مكناس,بولمان,كيكو
فاس- مكناس,بولمان,ميسور
فاس- مكناس,بولمان,ويزغت
فاس- مكناس,تازة,أولاد ازباير
فاس- مكناس,تازة,أيت سغروشن
فاس- مكناس,تازة,ابرارحة
فاس- مكناس,تازة,اترايبة
فاس- مكناس,تازة,اجبارنة
فاس- مكناس,تازة,اجدير
فاس- مكناس,تازة,اكزناية الجنوبية
فاس- مكناس,تازة,الربع الفوقي
فاس- مكناس,تازة,الزراردة
فاس- مكناس,تازة,الصميعة
فاس- مكناس,تازة,الطايفة
فاس- مكناس,تازة,الكوزات
فاس- مكناس,تازة,امسيلة
فاس- مكناس,تازة,اولاد الشريف
فاس- مكناس,تازة,باب بودر
فاس- مكناس,تازة,باب مرزوقة
فاس- مكناس,تازة,بلدية  تازة
فاس- مكناس,تازة,بلدية اكنول
فاس- مكناس,تازة,بلدية وادي امليل
فاس- مكناس,تازة,بني افتح
فاس- مكناس,تازة,بني فراسن
فاس- مكناس,تازة,بني لنت
فاس- مكناس,تازة,بوحلو
فاس- مكناس,تازة,بورد
فاس- مكناس,تازة,بوشفاعة
فاس- مكناس,تازة,بويبلان
فاس- مكناس,تازة,تازرين
فاس- مكناس,تازة,تاهلة
فاس- مكناس,تازة,تيزي وسلي
فاس- مكناس,تازة,تيناست
فاس- مكناس,تازة,سيدي علي بورقبة
فاس- مكناس,تازة,غياثة الغربية
فاس- مكناس,تازة,كاف الغار
فاس- مكناس,تازة,كلدمان
فاس- مكناس,تازة,مطماطة
فاس- مكناس,تازة,مغراوة
فاس- مكناس,تازة,مكناسة الشرقية
فاس- مكناس,تازة,مكناسة الغربية
فاس- مكناس,تاونات,اجبابرة
فاس- مكناس,تاونات,ارغيوة
فاس- مكناس,تاونات,البسابسة
فاس- مكناس,تاونات,البيبان
فاس- مكناس,تاونات,الخلالفة
فاس- مكناس,تاونات,الرتبة
فاس- مكناس,تاونات,الزريزر
فاس- مكناس,تاونات,الغوازي
فاس- مكناس,تاونات,المكانسة
فاس- مكناس,تاونات,الولجة
فاس- مكناس,تاونات,امساسة
فاس- مكناس,تاونات,اورتزاغ
فاس- مكناس,تاونات,اوطابوعبان
فاس- مكناس,تاونات,اولاد داود
فاس- مكناس,تاونات,اولاد عياد
فاس- مكناس,تاونات,بني سنوس
فاس- مكناس,تاونات,بني وليد
فاس- مكناس,تاونات,بني ونجل تافراوت
فاس- مكناس,تاونات,بوشابل
فاس- مكناس,تاونات,بوعادل
فاس- مكناس,تاونات,بوعروس
فاس- مكناس,تاونات,بوهودة
فاس- مكناس,تاونات,تافرانت
فاس- مكناس,تاونات,تاونات
فاس- مكناس,تاونات,تبودة
فاس- مكناس,تاونات,تمزكانة
فاس- مكناس,تاونات,تمضيت
فاس- مكناس,تاونات,تيسة
فاس- مكناس,تاونات,راس الواد
فاس- مكناس,تاونات,سيدي الحاج امحمد
فاس- مكناس,تاونات,سيدي العابد
فاس- مكناس,تاونات,سيدي المخفي
فاس- مكناس,تاونات,سيدي امحمد بن لحسن
فاس- مكناس,تاونات,سيدي يحيى بن زروال
فاس- مكناس,تاونات,طهر السوق
فاس- مكناس,تاونات,عين عائشة
فاس- مكناس,تاونات,عين لكدح
فاس- مكناس,تاونات,عين مديونة
فاس- مكناس,تاونات,عين معطوف
فاس- مكناس,تاونات,غفساي
فاس- مكناس,تاونات,فناسة باب الحيط
فاس- مكناس,تاونات,قرية با محمد
فاس- مكناس,تاونات,كلاز
فاس- مكناس,تاونات,كيسان
فاس- مكناس,تاونات,مزراوة
فاس- مكناس,تاونات,مولاي بوشتى
فاس- مكناس,تاونات,مولاي عبد الكريم
فاس- مكناس,تاونات,واد الجمعة
فاس- مكناس,تاونات,ودكة
فاس- مكناس,صفرو,اغبالو اقورار
فاس- مكناس,صفرو,اغزران
فاس- مكناس,صفرو,البهاليل
فاس- مكناس,صفرو,العدرج
فاس- مكناس,صفرو,العنوصر
فاس- مكناس,صفرو,المنزل
فاس- مكناس,صفرو,امطرناغة
فاس- مكناس,صفرو,اهل سيدي لحسن
فاس- مكناس,صفرو,اولاد امكودو
فاس- مكناس,صفرو,ايت السبع الجرف
فاس- مكناس,صفرو,ايموزار كندر
فاس- مكناس,صفرو,بئر طم طم
فاس- مكناس,صفرو,تازوطة
فاس- مكناس,صفرو,تافجيغت
فاس- مكناس,صفرو,دار الحمراء
فاس- مكناس,صفرو,راس تبودة
فاس- مكناس,صفرو,رباط الخير
فاس- مكناس,صفرو,سيدي يوسف بن احمد
فاس- مكناس,صفرو,صفرو
فاس- مكناس,صفرو,عزابة
فاس- مكناس,صفرو,عين الشكاك
فاس- مكناس,صفرو,عين تمكناي
فاس- مكناس,صفرو,كندر سيدي خيار
فاس- مكناس,فاس,الجماعة القروية اولاد الطيب
فاس- مكناس,فاس,الجماعة القروية سيدي حرازم
فاس- مكناس,فاس,المشور-فاس الجديد
فاس- مكناس,فاس,عين البيضاء
فاس- مكناس,فاس,فاس
فاس- مكناس,مكناس,الدخيسة
فاس- مكناس,مكناس,المغاصيين
فاس- مكناس,مكناس,المهاية
فاس- مكناس,مكناس,ايت ولال
فاس- مكناس,مكناس,بوفكران
فاس- مكناس,مكناس,تولال
فاس- مكناس,مكناس,دار ام السلطان
فاس- مكناس,مكناس,سيدي سليمان مول الكيفان
فاس- مكناس,مكناس,سيدي عبد الله الخياط
فاس- مكناس,مكناس,شرقاوة
فاس- مكناس,مكناس,عين الجمعة
فاس- مكناس,مكناس,عين عرمة
فاس- مكناس,مكناس,عين كرمة- واد الرمان
فاس- مكناس,مكناس,مجاط
فاس- مكناس,مكناس,مشور الستينية
فاس- مكناس,مكناس,مكناس
فاس- مكناس,مكناس,مولاي ادريس زرهون
فاس- مكناس,مكناس,نزالة ابن عمار
فاس- مكناس,مكناس,واد الجديدة
فاس- مكناس,مكناس,وليلي
فاس- مكناس,مكناس,ويسلان
فاس- مكناس,مولاي يعقوب,الوادين
فاس- مكناس,مولاي يعقوب,اولاد ميمون
فاس- مكناس,مولاي يعقوب,سبت الاوداية
فاس- مكناس,مولاي يعقوب,سبع رواضي
فاس- مكناس,مولاي يعقوب,سيدي داود
فاس- مكناس,مولاي يعقوب,عين الشقف
فاس- مكناس,مولاي يعقوب,عين بوعلي
فاس- مكناس,مولاي يعقوب,عين قنصرة
فاس- مكناس,مولاي يعقوب,لعجاجرة
فاس- مكناس,مولاي يعقوب,مولاي يعقوب
فاس- مكناس,مولاي يعقوب,ميكس
فاس- مكناس,يفرن,ازرو
فاس- مكناس,يفرن,بن صميم
فاس- مكناس,يفرن,تزكيت
فاس- مكناس,يفرن,تمحضيت
فاس- مكناس,يفرن,تيكريكرة
فاس- مكناس,يفرن,سيدي مخفي
فاس- مكناس,يفرن,ضاية عوا
فاس- مكناس,يفرن,عين اللوح
فاس- مكناس,يفرن,واد يفرن
فاس- مكناس,يفرن,يفرن
كلميم -واد نون,أسا الزاك,اسا
كلميم -واد نون,أسا الزاك,الزاك
كلميم -واد نون,أسا الزاك,المحبس
كلميم -واد نون,أسا الزاك,تويزكي
كلميم -واد نون,أسا الزاك,عوينة لهنا
كلميم -واد نون,أسا الزاك,عوينة يغمان
كلميم -واد نون,أسا الزاك,لبويرات
كلميم -واد نون,سيدي يفني,ابضر
كلميم -واد نون,سيدي يفني,اثنين املو
كلميم -واد نون,سيدي يفني,اربعاء ايت عبد الله
كلميم -واد نون,سيدي يفني,اسبويا
كلميم -واد نون,سيدي يفني,الاخصاص
كلميم -واد نون,سيدي يفني,امي نفاست
كلميم -واد نون,سيدي يفني,انفك
كلميم -واد نون,سيدي يفني,ايت الرخاء
كلميم -واد نون,سيدي يفني,بوطروش
كلميم -واد نون,سيدي يفني,تغيرت
كلميم -واد نون,سيدي يفني,تنكرفا
كلميم -واد نون,سيدي يفني,تيوغزة
كلميم -واد نون,سيدي يفني,جماعة سيدي احساين اعلي
كلميم -واد نون,سيدي يفني,جماعة سيدي امبارك
كلميم -واد نون,سيدي يفني,سبت النابور
كلميم -واد نون,سيدي يفني,سيدي عبد الله اوبلعيد
كلميم -واد نون,سيدي يفني,سيدي يفني
كلميم -واد نون,سيدي يفني,مستي
كلميم -واد نون,سيدي يفني,مير اللفت
كلميم -واد نون,طانطان,ابطيح
كلميم -واد نون,طانطان,ابن خليل
كلميم -واد نون,طانطان,الشبيكة
كلميم -واد نون,طانطان,الوطية
كلميم -واد نون,طانطان,تلمزون
كلميم -واد نون,طانطان,طانطان
كلميم -واد نون,طانطان,لمسيد
كلميم -واد نون,كلميم,اباينو
كلميم -واد نون,كلميم,اداي
كلميم -واد نون,كلميم,اسرير
كلميم -واد نون,كلميم,افران اطلس الصغير
كلميم -واد نون,كلميم,افركط
كلميم -واد نون,كلميم,الشاطئ الابيض
كلميم -واد نون,كلميم,امطظي
كلميم -واد نون,كلميم,ايت بوفلن
كلميم -واد نون,كلميم,بويزكارن
كلميم -واد نون,كلميم,تركي وساي
كلميم -واد نون,كلميم,تغجيجت
كلميم -واد نون,كلميم,تكانت
كلميم -واد نون,كلميم,تكليت
كلميم -واد نون,كلميم,تلوين اسكا
كلميم -واد نون,كلميم,تيمولاي
كلميم -واد نون,كلميم,راس امليل
كلميم -واد نون,كلميم,فاصك
كلميم -واد نون,كلميم,كلميم
كلميم -واد نون,كلميم,لبيار
كلميم -واد نون,كلميم,لقصابي تكوست
مراكش- آسفي,أسفي,أسفي
مراكش- آسفي,أسفي,اتوابت
مراكش- آسفي,أسفي,اصعادلا
مراكش- آسفي,أسفي,البدوزة
مراكش- آسفي,أسفي,العمامرة
مراكش- آسفي,أسفي,الغيات
مراكش- آسفي,أسفي,اولاد سلمان
مراكش- آسفي,أسفي,ايير
مراكش- آسفي,أسفي,جمعة السحيم
مراكش- آسفي,أسفي,حرارة
مراكش- آسفي,أسفي,خط ازكان
مراكش- آسفي,أسفي,دار السي عيسى
مراكش- آسفي,أسفي,سبت جزولة
مراكش- آسفي,أسفي,سيدي التيجي
مراكش- آسفي,أسفي,سيدي الكرعاني
مراكش- آسفي,أسفي,سيدي بوكدرة
مراكش- آسفي,أسفي,سيدي عيسى
مراكش- آسفي,أسفي,شهدة
مراكش- آسفي,أسفي,لبخاتي
مراكش- آسفي,أسفي,لحضر
مراكش- آسفي,أسفي,لمراسلة
مراكش- آسفي,أسفي,لمصابيح
مراكش- آسفي,أسفي,لمعاشات
مراكش- آسفي,أسفي,مول البركي
مراكش- آسفي,أسفي,نكا
مراكش- آسفي,الحوز,أسني
مراكش- آسفي,الحوز,أمزميز
مراكش- آسفي,الحوز,أيت  أورير
مراكش- آسفي,الحوز,ابادو
مراكش- آسفي,الحوز,اجوكاك
مراكش- آسفي,الحوز,ازكور
مراكش- آسفي,الحوز,اغبار
مراكش- آسفي,الحوز,اغمات
مراكش- آسفي,الحوز,اغواطيم
مراكش- آسفي,الحوز,اغيل
مراكش- آسفي,الحوز,اكرفروان
مراكش- آسفي,الحوز,الثوامة
مراكش- آسفي,الحوز,امغراس
مراكش- آسفي,الحوز,امكدال
مراكش- آسفي,الحوز,انكال
مراكش- آسفي,الحوز,اوريكة
مراكش- آسفي,الحوز,اوكايمدن
مراكش- آسفي,الحوز,اولاد مطاع
مراكش- آسفي,الحوز,ايت حكيم ايت يزيذ
مراكش- آسفي,الحوز,ايت سيدي داود
مراكش- آسفي,الحوز,ايت عادل
مراكش- آسفي,الحوز,ايت فاسكة
مراكش- آسفي,الحوز,تحناوت
مراكش- آسفي,الحوز,تزارت
مراكش- آسفي,الحوز,تزكين
مراكش- آسفي,الحوز,تغدوين
مراكش- آسفي,الحوز,تمازوزت
مراكش- آسفي,الحوز,تمصلوحت
مراكش- آسفي,الحوز,تمكرت
مراكش- آسفي,الحوز,تيديلي مسفيوة
مراكش- آسفي,الحوز,ثلاث نيعقوب
مراكش- آسفي,الحوز,دار الجامع
مراكش- آسفي,الحوز,زرقطن
مراكش- آسفي,الحوز,ستي فاطمة
مراكش- آسفي,الحوز,سيدي بدهاج
مراكش- آسفي,الحوز,سيدي عبد الله غيات
مراكش- آسفي,الحوز,للاتكركوست
مراكش- آسفي,الحوز,مولاي ابراهيم
مراكش- آسفي,الحوز,وزكيتة
مراكش- آسفي,الحوز,ويركان
مراكش- آسفي,الرحامنة,الجبيلات
مراكش- آسفي,الرحامنة,الجعافرة
مراكش- آسفي,الرحامنة,الجعيدات
مراكش- آسفي,الرحامنة,الطلوح
مراكش- آسفي,الرحامنة,انزالت العظم
مراكش- آسفي,الرحامنة,اولاد حسون حمري
مراكش- آسفي,الرحامنة,اولاد عامر تزمرين
مراكش- آسفي,الرحامنة,اولاد ملول
مراكش- آسفي,الرحامنة,ايت الطالب
مراكش- آسفي,الرحامنة,ايت حمو
مراكش- آسفي,الرحامنة,بن جرير
مراكش- آسفي,الرحامنة,بوروس
مراكش- آسفي,الرحامنة,بوشان
مراكش- آسفي,الرحامنة,راس عين الرحامنة
مراكش- آسفي,الرحامنة,سكورة الحدرة
مراكش- آسفي,الرحامنة,سيدي بوبكر
مراكش- آسفي,الرحامنة,سيدي بوعثمان
مراكش- آسفي,الرحامنة,سيدي عبد الله
مراكش- آسفي,الرحامنة,سيدي علي البراحلة
مراكش- آسفي,الرحامنة,سيدي غانم
مراكش- آسفي,الرحامنة,سيدي منصور
مراكش- آسفي,الرحامنة,صخور الرحامنة
مراكش- آسفي,الرحامنة,عكرمة
مراكش- آسفي,الرحامنة,لبريكيين
مراكش- آسفي,الرحامنة,لمحرة
مراكش- آسفي,الصويرة,آيت داوود
مراكش- آسفي,الصويرة,احد الدرا
مراكش- آسفي,الصويرة,ادغاس
مراكش- آسفي,الصويرة,ادوكازو
مراكش- آسفي,الصويرة,اسايس
مراكش- آسفي,الصويرة,اقرمود
مراكش- آسفي,الصويرة,اكرض
مراكش- آسفي,الصويرة,اكليف
مراكش- آسفي,الصويرة,الحسينات
مراكش- آسفي,الصويرة,الحنشان
مراكش- آسفي,الصويرة,الزاويت
مراكش- آسفي,الصويرة,الصويرة
مراكش- آسفي,الصويرة,الكدادرة
مراكش- آسفي,الصويرة,الكريمات
مراكش- آسفي,الصويرة,المخاليف
مراكش- آسفي,الصويرة,المزيلات
مراكش- آسفي,الصويرة,المواريد
مراكش- آسفي,الصويرة,امرامر
مراكش- آسفي,الصويرة,امكراد
مراكش- آسفي,الصويرة,امي نتليت
مراكش- آسفي,الصويرة,اولاد امرابط
مراكش- آسفي,الصويرة,اوناغة
مراكش- آسفي,الصويرة,ايت سعيد
مراكش- آسفي,الصويرة,ايت عيسى اححان
مراكش- آسفي,الصويرة,ايدا وعزا
مراكش- آسفي,الصويرة,ايدا وكلول
مراكش- آسفي,الصويرة,بن حميدة
مراكش- آسفي,الصويرة,بوزمور
مراكش- آسفي,الصويرة,بولعلام
مراكش- آسفي,الصويرة,بيزضاض
مراكش- آسفي,الصويرة,تاركانت
مراكش- آسفي,الصويرة,تاكوشت
مراكش- آسفي,الصويرة,تالمست
مراكش- آسفي,الصويرة,تدزي
مراكش- آسفي,الصويرة,تفتاشت
مراكش- آسفي,الصويرة,تفضنة
مراكش- آسفي,الصويرة,تمزكدة اوفتاس
مراكش- آسفي,الصويرة,تمنار
مراكش- آسفي,الصويرة,تهلوانت
مراكش- آسفي,الصويرة,خميس تكاط
مراكش- آسفي,الصويرة,سميمو
مراكش- آسفي,الصويرة,سيدي احمد احامد
مراكش- آسفي,الصويرة,سيدي احمد السايح
مراكش- آسفي,الصويرة,سيدي احمد امبارك
مراكش- آسفي,الصويرة,سيدي اسحاق
مراكش- آسفي,الصويرة,سيدي الجازولي
مراكش- آسفي,الصويرة,سيدي العروسي
مراكش- آسفي,الصويرة,سيدي عبد الجليل
مراكش- آسفي,الصويرة,سيدي علي الكراتي
مراكش- آسفي,الصويرة,سيدي عيسى الركراكي
مراكش- آسفي,الصويرة,سيدي غانم
مراكش- آسفي,الصويرة,سيدي كاوكي
مراكش- آسفي,الصويرة,سيدي محمد امرزوق
مراكش- آسفي,الصويرة,كشولة
مراكش- آسفي,الصويرة,مجي
مراكش- آسفي,الصويرة,مسكالة
مراكش- آسفي,الصويرة,مولاي بوزرقطون
مراكش- آسفي,اليوسفية,أجنان ابيه
مراكش- آسفي,اليوسفية,اسبيعات
مراكش- آسفي,اليوسفية,الشماعية
مراكش- آسفي,اليوسفية,الطياميم
مراكش- آسفي,اليوسفية,الكنتور
مراكش- آسفي,اليوسفية,اليوسفية
مراكش- آسفي,اليوسفية,ايغود
مراكش- آسفي,اليوسفية,جدور
مراكش- آسفي,اليوسفية,راس العين
مراكش- آسفي,اليوسفية,سيدي شيكر
مراكش- آسفي,اليوسفية,لخوالقة
مراكش- آسفي,شيشاوة,اداسيل
مراكش- آسفي,شيشاوة,ادويران
مراكش- آسفي,شيشاوة,اروهالن
مراكش- آسفي,شيشاوة,اسيف المال
مراكش- آسفي,شيشاوة,اشمرارن
مراكش- آسفي,شيشاوة,افلايسن
مراكش- آسفي,شيشاوة,الزاوية النحلية
مراكش- آسفي,شيشاوة,السعيدات
مراكش- آسفي,شيشاوة,المزوضية
مراكش- آسفي,شيشاوة,امدلان بوابوض
مراكش- آسفي,شيشاوة,امزوضة
مراكش- آسفي,شيشاوة,امنتانوت
مراكش- آسفي,شيشاوة,امين الدونيت
مراكش- آسفي,شيشاوة,اهديل
مراكش- آسفي,شيشاوة,اولاد مومنة
مراكش- آسفي,شيشاوة,ايت حدو يوسف
مراكش- آسفي,شيشاوة,ايت هادي
مراكش- آسفي,شيشاوة,بوابوض
مراكش- آسفي,شيشاوة,تمزكدوين
مراكش- آسفي,شيشاوة,تمليلت
مراكش- آسفي,شيشاوة,تولوكلت
مراكش- آسفي,شيشاوة,رحالة
مراكش- آسفي,شيشاوة,سيدي المختار
مراكش- آسفي,شيشاوة,سيدي بوزيد الركراكي
مراكش- آسفي,شيشاوة,سيدي عبد المومن
مراكش- آسفي,شيشاوة,سيدي غانم
مراكش- آسفي,شيشاوة,سيدي محمد الدليل
مراكش- آسفي,شيشاوة,شيشاوة
مراكش- آسفي,شيشاوة,عين تزتونت
مراكش- آسفي,شيشاوة,كماسة
مراكش- آسفي,شيشاوة,كوزمت
مراكش- آسفي,شيشاوة,للاعزيزة
مراكش- آسفي,شيشاوة,مجاط
مراكش- آسفي,شيشاوة,نفيفة
مراكش- آسفي,شيشاوة,واد البور
مراكش- آسفي,قلعة السراغنة,اجبيل
مراكش- آسفي,قلعة السراغنة,ادزوز
مراكش- آسفي,قلعة السراغنة,ازنادة
مراكش- آسفي,قلعة السراغنة,الجوالة
مراكش- آسفي,قلعة السراغنة,الدشرة
مراكش- آسفي,قلعة السراغنة,الشطيبة
مراكش- آسفي,قلعة السراغنة,الشعراء
مراكش- آسفي,قلعة السراغنة,الصهريج
مراكش- آسفي,قلعة السراغنة,العامرية
مراكش- آسفي,قلعة السراغنة,العثامنة
مراكش- آسفي,قلعة السراغنة,العطاوية
مراكش- آسفي,قلعة السراغنة,العطاوية الشعيبية
مراكش- آسفي,قلعة السراغنة,الفرايطة
مراكش- آسفي,قلعة السراغنة,المربوح
مراكش- آسفي,قلعة السراغنة,الهيادنة
مراكش- آسفي,قلعة السراغنة,الواد لخضر
مراكش- آسفي,قلعة السراغنة,اولاد الشرقي
مراكش- آسفي,قلعة السراغنة,اولاد الكرن
مراكش- آسفي,قلعة السراغنة,اولاد امسبل
مراكش- آسفي,قلعة السراغنة,اولاد بوعلي الواد
مراكش- آسفي,قلعة السراغنة,اولاد خاوف
مراكش- آسفي,قلعة السراغنة,اولاد زراد
مراكش- آسفي,قلعة السراغنة,اولاد صبيح
مراكش- آسفي,قلعة السراغنة,اولاد عراض
مراكش- آسفي,قلعة السراغنة,اولاد عمرو
مراكش- آسفي,قلعة السراغنة,اولاد مسعود
مراكش- آسفي,قلعة السراغنة,اولاد يعقوب
مراكش- آسفي,قلعة السراغنة,بوي عمر
مراكش- آسفي,قلعة السراغنة,تملالت
مراكش- آسفي,قلعة السراغنة,توزينت
مراكش- آسفي,قلعة السراغنة,جماعة الرافعية
مراكش- آسفي,قلعة السراغنة,زمران
مراكش- آسفي,قلعة السراغنة,زمران الشرقية
مراكش- آسفي,قلعة السراغنة,سور العز
مراكش- آسفي,قلعة السراغنة,سيدي الحطاب
مراكش- آسفي,قلعة السراغنة,سيدي رحال
مراكش- آسفي,قلعة السراغنة,سيدي عيسى بن سليمان
مراكش- آسفي,قلعة السراغنة,سيدي موسى
مراكش- آسفي,قلعة السراغنة,قلعة السراغنة
مراكش- آسفي,قلعة السراغنة,لوناسدة
مراكش- آسفي,قلعة السراغنة,مزم صنهاجة
مراكش- آسفي,قلعة السراغنة,ميات
مراكش- آسفي,قلعة السراغنة,واركي
مراكش- آسفي,مراكش,اكفاي
مراكش- آسفي,مراكش,الاوداية
مراكش- آسفي,مراكش,السويهلة
مراكش- آسفي,مراكش,المشور القصيبة
مراكش- آسفي,مراكش,المنابهة
مراكش- آسفي,مراكش,الويدان
مراكش- آسفي,مراكش,اولاد الدليم
مراكش- آسفي,مراكش,اولاد حسون
مراكش- آسفي,مراكش,ايت امور
مراكش- آسفي,مراكش,تسلطانت
مراكش- آسفي,مراكش,حربيل
مراكش- آسفي,مراكش,سعادة
مراكش- آسفي,مراكش,سيدي الزوين
مراكش- آسفي,مراكش,مراكش
مراكش- آسفي,مراكش,واحة سيدي ابراهيم
